<?xml version="1.0" standalone="yes"?>
<mi:PackageInstaller xmlns:mi="http://www.composite.net/ns/management/packageinstaller/1.0">
	<mi:PackageRequirements minimumCompositeVersion="6.8.0000.0000" maximumCompositeVersion="9.9999.9999.9999" />
	<mi:PackageInformation 
    name="Orckestra.Web.BundlingAndMinification" groupName="Orckestra.Web" version="2.0.3" author="Orckestra A/S" website="https://c1.orckestra.com/" 
    readMoreUrl="https://docs.c1.orckestra.com/" id="83472ca2-e38e-44f3-9d10-8194b23fdee8" canBeUninstalled="true" systemLocking="hard" 
    flushOnCompletion="true" reloadConsoleOnCompletion="false">
		<TechnicalDetails>
			This package has no dependencies. But if your site uses specific styles filetypes, be sure you have installed the appropriate CSS compilers of the latest versions:
			- to support LESS styles filetypes install Orckestra.Web.Css.Less package of the version 1.3.3 or more.
			- to support SCSS styles filetypes install Orckestra.Web.Css.Sass package of the version 2.0.2 or more.

			In case your site has specific styles filetypes, but you have not installed demanded compilers, such files not to be used on the page.
		</TechnicalDetails>
		<Description>
			The package provides scripts and styles bundling and minification. It allows to reduce the number of requests that the browser needs to get all of the resource files, and also to reduce the size of such files and, as a result, to load pages faster. This package does not minify inline scripts, inline styles, or HTML code itself.
			A bundle with styles adding to the original page to the end of the HEAD part. While a bundle with scripts adding to the end of the BODY part.

			To exclude specific style or script from the bundling and minification process, add to such element c1-not-bundleminify attribute with "true" value.

			To turn on or to turn off all styles bundling and minification:
			- open the Web.config file in the root directory of a website;
			- locate to the configuration/appSettings path;
			- find the key `Orckestra.Web.BundlingAndMinification.BundleAndMinifyStyles`;
			- set up `true` or `false` value.

			To turn on or to turn off all scripts bundling and minification:
			- open the Web.config file in the root directory of a website;
			- locate to the configuration/appSettings path;
			- find the key `Orckestra.Web.BundlingAndMinification.BundleAndMinifyScripts`;
			- set up `true` or `false` value.

			To turn on/off the package at all, turn on/off both styles and scripts in settings as described above.

			There is a list of predefined cases when the package does not bundle and minify scripts and styles of a page:
			- A request appears when the current user logged in to the admin console panel.
			- A request is related to the admin console panel.
			- A web site works in debugging mode. To check the debug mode status open the Web.config file in the root of a website and locate to the configuration/system.web/compilation path.

			If none of these conditions is true, but there are no bundling and minification, be sure it is not a cached version of a page and check logs.

		</Description>
	</mi:PackageInformation>
  <mi:PackageFragmentInstallerBinaries>
    <mi:Add path="~\Bin\Orckestra.Web.BundlingAndMinification.dll" />
  </mi:PackageFragmentInstallerBinaries>
  <mi:PackageFragmentInstallers>
    <mi:Add installerType="Composite.Core.PackageSystem.PackageFragmentInstallers.FilePackageFragmentInstaller, Composite" uninstallerType="Composite.Core.PackageSystem.PackageFragmentInstallers.FilePackageFragmentUninstaller, Composite">
      <Files>
        <File sourceFilename="~\Bin\Orckestra.Web.BundlingAndMinification.dll" targetFilename="~\Bin\Orckestra.Web.BundlingAndMinification.dll" allowOverwrite="true" />
      </Files>
    </mi:Add>
    <mi:Add 
      installerType="Composite.Core.PackageSystem.PackageFragmentInstallers.DllPackageFragmentInstaller, Composite" uninstallerType="Composite.Core.PackageSystem.PackageFragmentInstallers.DllPackageFragmentUninstaller, Composite">
      <Files>
        <File sourceFilename="~\Bin\Antlr3.Runtime.dll" targetFilename="~\Bin\Antlr3.Runtime.dll" allowOverwrite="true" addAssemblyBinding="true"/>
        <File sourceFilename="~\Bin\System.Web.Optimization.dll" targetFilename="~\Bin\System.Web.Optimization.dll" allowOverwrite="true" addAssemblyBinding="true"/>
        <File sourceFilename="~\Bin\WebGrease.dll" targetFilename="~\Bin\WebGrease.dll" allowOverwrite="true" addAssemblyBinding="true"/>
        <File sourceFilename="~\Bin\Orckestra.Web.Css.CompileFoundation.dll" targetFilename="~\Bin\Orckestra.Web.Css.CompileFoundation.dll" allowOverwrite="true"/>
				<File sourceFilename="~\Bin\NUglify.dll" targetFilename="~\Bin\NUglify.dll" allowOverwrite="true" addAssemblyBinding="true"/>
      </Files>
    </mi:Add>
    <mi:Add 
      installerType="Composite.Core.PackageSystem.PackageFragmentInstallers.FileXslTransformationPackageFragmentInstaller, Composite" uninstallerType="Composite.Core.PackageSystem.PackageFragmentInstallers.FileXslTransformationPackageFragmentUninstaller, Composite">
      <XslFiles>
        <XslFile pathXml="~/Web.config" installXsl="~\Web.config\Install.xsl" uninstallXsl="~\Web.config\Uninstall.xsl" />
      </XslFiles>
    </mi:Add>
  </mi:PackageFragmentInstallers>
</mi:PackageInstaller>